timestamp,model,input_tokens,output_tokens,total_tokens,cost,latency_ms
2025-10-15 17:28:11,gpt-4o-mini,0,0,0,0.0,15145.28
2025-10-15 17:29:24,gpt-4o-mini,0,0,0,0.0,8326.28
2025-10-15 17:32:54,gpt-4o-mini,486,171,657,0.0023175,4084.88
2025-10-15 17:33:21,gpt-4o-mini,387,1806,2193,0.01854375,27276.99
2025-10-15 17:34:18,gpt-4o-mini,192,443,635,0.00467,6968.42
2025-10-17 13:06:55,gpt-4o-mini,482,104,586,0.0016424999999999999,3818.6
2025-10-17 13:07:20,gpt-4o-mini,384,1504,1888,0.015519999999999999,24206.51
2025-10-17 13:09:24,gpt-4o-mini,189,247,436,0.00270625,3830.5
2025-10-17 13:09:31,gpt-4o-mini,1067,495,1562,0.006283749999999999,6978.52
2025-10-17 13:12:12,gpt-4o-mini,492,242,734,0.003035,4760.2
2025-10-17 13:12:16,gpt-4o-mini,117,84,201,0.00098625,3596.08
2025-10-17 13:12:24,gpt-4o-mini,383,778,1161,0.00825875,8182.1
2025-10-17 13:12:33,gpt-4o-mini,384,1219,1603,0.012669999999999999,16802.16
2025-10-17 13:14:07,gpt-4o-mini,188,375,563,0.003985,5275.33
2025-10-17 13:14:13,gpt-4o-mini,1066,421,1487,0.0055425000000000006,5977.56
2025-10-17 13:14:22,gpt-4o-mini,189,1326,1515,0.01349625,15269.38
2025-10-17 13:14:29,gpt-4o-mini,70,364,434,0.0037275,6652.91
2025-10-17 13:37:38,gpt-4o-mini,492,309,801,0.003705,7248.45
2025-10-17 13:37:41,gpt-4o-mini,120,84,204,0.00099,2811.01
2025-10-17 13:37:52,gpt-4o-mini,387,858,1245,0.00906375,11194.55
2025-10-17 13:38:10,gpt-4o-mini,383,1700,2083,0.017478749999999998,28831.78
2025-10-17 13:39:02,gpt-4o-mini,192,876,1068,0.009000000000000001,13026.56
2025-10-17 13:39:25,gpt-4o-mini,1460,1209,2669,0.013915,22838.5
2025-10-17 13:39:38,gpt-4o-mini,73,718,791,0.00727125,12601.27
2025-10-17 13:41:10,gpt-4o-mini,492,371,863,0.004325000000000001,5954.11
2025-10-17 13:41:13,gpt-4o-mini,117,20,137,0.00034625,2475.87
2025-10-17 13:41:29,gpt-4o-mini,384,1029,1413,0.01077,16041.81
2025-10-17 13:41:38,gpt-4o-mini,384,1892,2276,0.0194,25056.4
2025-10-17 13:43:12,gpt-4o-mini,189,821,1010,0.00844625,17218.35
2025-10-17 13:43:21,gpt-4o-mini,70,569,639,0.0057775,8107.54
2025-10-17 13:43:25,gpt-4o-mini,189,375,564,0.00398625,5803.75
2025-10-17 13:43:32,gpt-4o-mini,1067,428,1495,0.00561375,7179.46
2025-10-17 13:47:00,gpt-4o-mini,492,373,865,0.004345,8150.66
2025-10-17 13:47:03,gpt-4o-mini,120,20,140,0.00035000000000000005,2588.8
2025-10-17 13:47:17,gpt-4o-mini,383,1257,1640,0.013048750000000001,13903.32
2025-10-17 13:47:19,gpt-4o-mini,387,1077,1464,0.01125375,15678.93
2025-10-17 13:48:27,gpt-4o-mini,188,375,563,0.003985,6316.85
2025-10-17 13:48:34,gpt-4o-mini,1066,477,1543,0.0061025,7569.81
2025-10-17 13:49:34,gpt-4o-mini,192,942,1134,0.00966,13683.1
2025-10-17 13:49:41,gpt-4o-mini,73,431,504,0.004401250000000001,6971.97
2025-10-17 13:51:44,gpt-4o-mini,492,373,865,0.004345,5724.66
2025-10-17 13:51:46,gpt-4o-mini,120,84,204,0.00099,2322.56
2025-10-17 13:51:54,gpt-4o-mini,383,711,1094,0.00758875,7718.04
2025-10-17 13:51:59,gpt-4o-mini,387,1022,1409,0.01070375,12269.06
2025-10-17 13:53:26,gpt-4o-mini,192,620,812,0.0064399999999999995,2872.55
2025-10-17 13:53:28,gpt-4o-mini,188,439,627,0.004625,2074.13
2025-10-17 13:53:34,gpt-4o-mini,1066,352,1418,0.0048525,5478.33
2025-10-17 13:53:49,gpt-4o-mini,1460,1776,3236,0.019585,20684.03
2025-10-17 13:53:57,gpt-4o-mini,73,627,700,0.00636125,7561.96
2025-10-17 13:54:37,gpt-4o-mini,492,309,801,0.003705,4832.46
2025-10-17 13:54:39,gpt-4o-mini,120,80,200,0.0009500000000000001,1569.5
2025-10-17 13:54:49,gpt-4o-mini,387,958,1345,0.01006375,10594.44
2025-10-17 13:54:50,gpt-4o-mini,383,1129,1512,0.01176875,11019.11
2025-10-17 13:56:21,gpt-4o-mini,192,684,876,0.00708,7744.17
2025-10-17 13:56:37,gpt-4o-mini,1460,1188,2648,0.013705,16113.25
2025-10-17 13:56:45,gpt-4o-mini,73,622,695,0.006311250000000001,8224.29
2025-10-17 13:56:47,gpt-4o-mini,188,375,563,0.003985,5933.64
2025-10-17 13:56:53,gpt-4o-mini,1066,545,1611,0.0067825,6341.22
2025-10-17 13:57:35,gpt-4o-mini,492,373,865,0.004345,8741.02
2025-10-17 13:57:37,gpt-4o-mini,120,84,204,0.00099,2117.58
2025-10-17 13:57:47,gpt-4o-mini,383,1051,1434,0.01098875,9865.73
2025-10-17 13:57:49,gpt-4o-mini,387,927,1314,0.00975375,11613.9
2025-10-17 13:58:55,gpt-4o-mini,192,620,812,0.0064399999999999995,8673.6
2025-10-17 13:59:04,gpt-4o-mini,1460,846,2306,0.010284999999999999,8914.28
2025-10-17 13:59:14,gpt-4o-mini,73,560,633,0.005691249999999999,9775.61
2025-10-17 14:01:11,gpt-4o-mini,495,376,871,0.00437875,5993.18
2025-10-17 14:01:13,gpt-4o-mini,120,84,204,0.00099,2280.92
2025-10-17 14:01:27,gpt-4o-mini,387,978,1365,0.010263749999999999,14064.37
2025-10-17 14:01:31,gpt-4o-mini,386,1630,2016,0.0167825,18306.25
2025-10-17 14:02:29,gpt-4o-mini,192,876,1068,0.009000000000000001,11803.69
2025-10-17 14:02:42,gpt-4o-mini,1261,1027,2288,0.01184625,12516.97
2025-10-17 14:02:49,gpt-4o-mini,73,638,711,0.0064712500000000004,7206.75
2025-10-17 14:05:08,gpt-4o-mini,495,245,740,0.00306875,5701.64
2025-10-17 14:05:09,gpt-4o-mini,120,20,140,0.00035000000000000005,1684.46
2025-10-17 14:05:17,gpt-4o-mini,383,805,1188,0.00852875,7862.82
2025-10-17 14:05:23,gpt-4o-mini,387,895,1282,0.00943375,14014.09
2025-10-17 14:06:31,gpt-4o-mini,188,439,627,0.004625,7783.61
2025-10-17 14:06:39,gpt-4o-mini,1989,629,2618,0.00877625,7644.13
2025-10-17 14:07:02,gpt-4o-mini,192,885,1077,0.00909,10575.4
2025-10-17 14:07:10,gpt-4o-mini,73,575,648,0.00584125,7746.44
2025-10-19 18:30:53,gpt-4o-mini,534,309,843,0.0037574999999999996,6083.14
2025-10-19 18:38:17,gpt-4o-mini,534,246,780,0.0031275,4046.63
2025-10-19 18:42:22,gpt-4o-mini,534,248,782,0.0031475,4186.02
2025-10-19 18:42:24,gpt-4o-mini,129,20,149,0.00036125,1796.93
2025-10-19 18:42:34,gpt-4o-mini,387,1047,1434,0.01095375,9979.93
2025-10-19 18:42:44,gpt-4o-mini,388,926,1314,0.009744999999999998,20382.31
2025-10-19 18:46:32,gpt-4o-mini,534,245,779,0.0031174999999999996,3015.48
2025-10-19 18:46:34,gpt-4o-mini,129,84,213,0.00100125,2367.2
2025-10-19 18:46:44,gpt-4o-mini,388,807,1195,0.008555,9545.06
2025-10-19 18:46:50,gpt-4o-mini,384,1263,1647,0.01311,15355.01
2025-10-19 18:54:32,gpt-4o-mini,534,312,846,0.0037875,4157.69
2025-10-19 18:54:34,gpt-4o-mini,129,20,149,0.00036125,1392.23
2025-10-19 18:54:44,gpt-4o-mini,388,812,1200,0.008605,10112.4
2025-10-19 18:54:47,gpt-4o-mini,387,1161,1548,0.012093749999999999,13323.74
2025-10-19 19:03:16,gpt-4o-mini,534,183,717,0.0024974999999999997,11761.38
2025-10-19 19:03:18,gpt-4o-mini,131,84,215,0.0010037499999999999,2011.33
2025-10-19 19:03:28,gpt-4o-mini,384,826,1210,0.00874,9634.97
2025-10-19 19:03:30,gpt-4o-mini,390,998,1388,0.0104675,11973.14
2025-10-19 19:13:57,gpt-4o-mini,534,373,907,0.0043975,5532.17
2025-10-19 19:14:02,gpt-4o-mini,129,84,213,0.00100125,5001.72
2025-10-19 19:14:15,gpt-4o-mini,388,1024,1412,0.010724999999999998,13011.3
2025-10-19 19:14:15,gpt-4o-mini,384,1545,1929,0.01593,13557.13
2025-10-19 19:24:45,gpt-4o-mini,534,245,779,0.0031174999999999996,3878.8
2025-10-19 19:24:47,gpt-4o-mini,129,84,213,0.00100125,2355.88
2025-10-19 19:24:55,gpt-4o-mini,384,1315,1699,0.01363,7479.26
2025-10-19 19:24:58,gpt-4o-mini,388,588,976,0.006365,10455.68
2025-10-19 19:25:53,gpt-4o-mini,192,1262,1454,0.012860000000000002,10040.68
2025-10-19 19:25:57,gpt-4o-mini,73,436,509,0.00445125,4425.73
2025-10-19 19:27:06,gpt-4o-mini,534,312,846,0.0037875,3273.54
2025-10-19 19:27:07,gpt-4o-mini,129,20,149,0.00036125,1122.3
2025-10-19 19:27:14,gpt-4o-mini,388,835,1223,0.008834999999999999,6925.17
2025-10-19 19:27:18,gpt-4o-mini,387,1184,1571,0.01232375,10240.17
2025-10-19 19:27:57,gpt-4o-mini,192,684,876,0.00708,6010.8
2025-10-19 19:28:03,gpt-4o-mini,73,688,761,0.006971250000000001,6534.36
2025-10-19 19:35:45,gpt-4o-mini,534,245,779,0.0031174999999999996,2755.99
2025-10-19 19:35:46,gpt-4o-mini,129,84,213,0.00100125,1442.85
2025-10-19 19:35:56,gpt-4o-mini,384,1410,1794,0.01458,9789.51
2025-10-19 19:35:58,gpt-4o-mini,388,1471,1859,0.015195,11200.11
2025-10-19 19:37:28,gpt-4o-mini,192,684,876,0.00708,6633.1
2025-10-19 19:37:33,gpt-4o-mini,2002,550,2552,0.008002500000000001,4755.56
2025-10-19 19:50:27,gpt-4o-mini,534,309,843,0.0037574999999999996,4056.28
2025-10-19 19:50:29,gpt-4o-mini,129,20,149,0.00036125,2081.88
2025-10-19 19:50:42,gpt-4o-mini,388,1117,1505,0.011654999999999999,12937.94
2025-10-19 19:50:42,gpt-4o-mini,384,1119,1503,0.01167,12964.75
2025-10-19 19:55:50,gpt-4o-mini,534,245,779,0.0031174999999999996,3294.22
2025-10-19 19:55:52,gpt-4o-mini,129,16,145,0.00032125,2794.85
2025-10-19 19:56:08,gpt-4o-mini,384,1467,1851,0.015149999999999999,15669.36
2025-10-19 19:56:09,gpt-4o-mini,388,1302,1690,0.013505,16669.83
2025-10-19 20:01:48,gpt-4o-mini,534,246,780,0.0031275,7013.54
2025-10-19 20:01:51,gpt-4o-mini,130,84,214,0.0010025,3064.82
2025-10-19 20:02:06,gpt-4o-mini,384,1099,1483,0.01147,14810.35
2025-10-19 20:02:08,gpt-4o-mini,389,968,1357,0.01016625,17754.1
2025-10-19 20:07:53,gpt-4o-mini,534,245,779,0.0031174999999999996,3969.63
2025-10-19 20:07:56,gpt-4o-mini,129,148,277,0.00164125,2699.71
2025-10-19 20:08:03,gpt-4o-mini,384,757,1141,0.00805,7024.38
2025-10-19 20:08:09,gpt-4o-mini,388,854,1242,0.009025,13294.8
2025-10-19 20:13:53,gpt-4o-mini,534,441,975,0.0050774999999999995,9403.46
2025-10-19 20:13:56,gpt-4o-mini,129,20,149,0.00036125,2487.81
2025-10-19 20:14:08,gpt-4o-mini,388,812,1200,0.008605,12451.57
2025-10-19 20:14:21,gpt-4o-mini,388,1229,1617,0.012775,25376.36
2025-10-19 20:16:55,gpt-4o-mini,534,245,779,0.0031174999999999996,9239.19
2025-10-19 20:16:57,gpt-4o-mini,129,80,209,0.0009612500000000001,2257.21
2025-10-19 20:17:08,gpt-4o-mini,388,903,1291,0.009515,10733.99
2025-10-19 20:17:11,gpt-4o-mini,384,1269,1653,0.01317,14269.91
2025-10-19 20:19:37,gpt-4o-mini,534,246,780,0.0031275,3799.06
2025-10-19 20:19:39,gpt-4o-mini,129,84,213,0.00100125,1859.91
2025-10-19 20:19:50,gpt-4o-mini,385,804,1189,0.008521250000000001,10624.96
2025-10-19 20:19:56,gpt-4o-mini,388,927,1315,0.009755,16899.62
2025-10-19 20:21:02,gpt-4o-mini,192,814,1006,0.008380000000000002,10746.2
2025-10-19 20:21:11,gpt-4o-mini,73,495,568,0.00504125,8613.28
2025-10-19 20:26:51,gpt-4o-mini,534,314,848,0.0038075,5154.86
2025-10-19 20:26:53,gpt-4o-mini,130,84,214,0.0010025,2593.8
2025-10-19 20:27:07,gpt-4o-mini,389,1000,1389,0.01048625,13334.74
2025-10-19 20:27:33,gpt-4o-mini,388,1609,1997,0.016575,39789.32
2025-10-19 20:28:22,gpt-4o-mini,193,823,1016,0.00847125,11581.53
2025-10-19 20:40:03,gpt-4o-mini,534,245,779,0.0031174999999999996,4381.55
2025-10-19 20:40:05,gpt-4o-mini,129,20,149,0.00036125,1926.49
2025-10-19 20:40:15,gpt-4o-mini,384,1212,1596,0.012599999999999998,10504.82
2025-10-19 20:40:18,gpt-4o-mini,388,860,1248,0.009085,13074.29
2025-10-19 20:41:20,gpt-4o-mini,192,428,620,0.00452,5962.41
2025-10-19 20:41:36,gpt-4o-mini,1191,1441,2632,0.01589875,16078.61
2025-10-19 20:46:27,gpt-4o-mini,534,245,779,0.0031174999999999996,3030.62
2025-10-19 20:46:28,gpt-4o-mini,129,80,209,0.0009612500000000001,1567.48
2025-10-19 20:46:42,gpt-4o-mini,384,1339,1723,0.013869999999999999,13665.07
2025-10-19 20:46:43,gpt-4o-mini,388,972,1360,0.010204999999999999,14150.04
2025-10-19 20:48:18,gpt-4o-mini,192,556,748,0.0058,7351.79
2025-10-19 20:48:30,gpt-4o-mini,1374,944,2318,0.0111575,11897.43
2025-10-19 20:50:34,gpt-4o-mini,534,181,715,0.0024774999999999997,3115.0
2025-10-19 20:50:36,gpt-4o-mini,129,16,145,0.00032125,1749.76
2025-10-19 20:50:48,gpt-4o-mini,384,1076,1460,0.011239999999999998,12162.74
2025-10-19 20:50:53,gpt-4o-mini,388,935,1323,0.009834999999999998,17422.78
2025-10-19 20:52:06,gpt-4o-mini,192,823,1015,0.00847,11213.78
2025-10-19 20:57:54,gpt-4o-mini,534,245,779,0.0031174999999999996,5048.08
2025-10-19 20:57:56,gpt-4o-mini,129,84,213,0.00100125,1720.98
2025-10-19 20:58:10,gpt-4o-mini,388,1008,1396,0.010565,13366.55
2025-10-19 20:58:11,gpt-4o-mini,384,1009,1393,0.010569999999999998,14546.27
2025-10-19 20:59:34,gpt-4o-mini,192,748,940,0.007719999999999999,12957.32
2025-10-19 21:07:22,gpt-4o-mini,534,186,720,0.0025275,3301.83
2025-10-19 21:07:24,gpt-4o-mini,131,83,214,0.00099375,1899.96
2025-10-19 21:07:34,gpt-4o-mini,390,790,1180,0.0083875,9986.79
2025-10-19 21:07:36,gpt-4o-mini,387,1149,1536,0.01197375,12574.96
2025-10-19 21:08:33,gpt-4o-mini,194,494,688,0.0051825,7548.15
2025-10-19 21:08:39,gpt-4o-mini,75,424,499,0.00433375,5489.67
2025-10-19 21:41:04,gpt-4o-mini,534,246,780,0.0031275,7484.37
2025-10-19 21:41:07,gpt-4o-mini,129,84,213,0.00100125,2652.87
2025-10-19 21:41:21,gpt-4o-mini,388,1157,1545,0.012055,14358.98
2025-10-19 21:41:30,gpt-4o-mini,385,990,1375,0.01038125,22996.58
2025-10-19 21:42:59,gpt-4o-mini,192,492,684,0.0051600000000000005,11442.31
2025-10-19 21:43:09,gpt-4o-mini,1374,964,2338,0.0113575,10089.69
2025-10-19 21:54:57,gpt-4o-mini,534,309,843,0.0037574999999999996,4614.86
2025-10-19 21:54:59,gpt-4o-mini,129,84,213,0.00100125,2484.82
2025-10-19 21:55:05,gpt-4o-mini,388,467,855,0.005155000000000001,5688.97
2025-10-19 21:55:11,gpt-4o-mini,384,1197,1581,0.01245,12070.76
2025-10-19 21:56:04,gpt-4o-mini,192,943,1135,0.009670000000000002,10861.68
2025-10-19 21:56:12,gpt-4o-mini,73,561,634,0.00570125,8136.48
2025-10-19 22:42:17,gpt-4o-mini,534,246,780,0.0031275,4151.87
2025-10-19 22:42:20,gpt-4o-mini,130,84,214,0.0010025,3505.33
2025-10-19 22:42:33,gpt-4o-mini,384,1200,1584,0.012479999999999998,12529.4
2025-10-19 22:42:37,gpt-4o-mini,389,1167,1556,0.01215625,17005.54
2025-10-19 22:44:24,gpt-4o-mini,193,1013,1206,0.01037125,14620.3
2025-10-19 22:44:39,gpt-4o-mini,1417,421,1838,0.0059812500000000005,15425.66
2025-10-19 23:21:26,gpt-4o-mini,534,248,782,0.0031475,4032.1
2025-10-19 23:21:29,gpt-4o-mini,129,20,149,0.00036125,2684.32
2025-10-19 23:21:42,gpt-4o-mini,387,1202,1589,0.01250375,13342.79
2025-10-19 23:21:44,gpt-4o-mini,388,1114,1502,0.011625,15460.09
2025-10-19 23:23:00,gpt-4o-mini,192,1015,1207,0.010390000000000002,14198.57
2025-10-19 23:23:05,gpt-4o-mini,73,428,501,0.00437125,5624.11
2025-10-19 23:27:25,gpt-4o-mini,534,181,715,0.0024774999999999997,4573.59
2025-10-19 23:27:28,gpt-4o-mini,129,80,209,0.0009612500000000001,3368.02
2025-10-19 23:27:40,gpt-4o-mini,388,578,966,0.006265,12392.14
2025-10-19 23:27:46,gpt-4o-mini,384,1150,1534,0.01198,17629.42
2025-10-19 23:28:38,gpt-4o-mini,192,1004,1196,0.01028,17887.86
2025-10-19 23:28:50,gpt-4o-mini,1226,573,1799,0.007262500000000001,11961.05
2025-10-19 23:31:45,gpt-4o-mini,534,309,843,0.0037574999999999996,6140.62
2025-10-19 23:31:48,gpt-4o-mini,129,84,213,0.00100125,2765.66
2025-10-19 23:31:58,gpt-4o-mini,384,948,1332,0.009959999999999998,9577.35
2025-10-19 23:32:09,gpt-4o-mini,388,1297,1685,0.013454999999999998,20742.23
2025-10-19 23:33:17,gpt-4o-mini,192,748,940,0.007719999999999999,15189.59
2025-10-19 23:33:28,gpt-4o-mini,1416,803,2219,0.0098,11354.3
2025-10-19 23:35:00,gpt-4o-mini,534,248,782,0.0031475,3885.07
2025-10-19 23:35:02,gpt-4o-mini,129,84,213,0.00100125,1562.02
2025-10-19 23:35:15,gpt-4o-mini,387,1015,1402,0.01063375,13710.67
2025-10-19 23:35:17,gpt-4o-mini,388,1140,1528,0.011885,15006.18
2025-10-19 23:36:42,gpt-4o-mini,192,1070,1262,0.01094,14099.78
2025-10-19 23:36:47,gpt-4o-mini,73,367,440,0.00376125,5285.25
2025-10-19 23:40:16,gpt-4o-mini,534,249,783,0.0031574999999999997,3458.33
2025-10-19 23:40:18,gpt-4o-mini,130,20,150,0.0003625,1576.57
2025-10-19 23:40:29,gpt-4o-mini,389,955,1344,0.01003625,11304.36
2025-10-19 23:40:32,gpt-4o-mini,387,1137,1524,0.01185375,14006.31
2025-10-19 23:42:05,gpt-4o-mini,193,1132,1325,0.01156125,12660.1
2025-10-19 23:42:11,gpt-4o-mini,1227,526,1753,0.0067937499999999994,5605.75
2025-10-19 23:43:29,gpt-4o-mini,534,248,782,0.0031475,3230.98
2025-10-19 23:43:31,gpt-4o-mini,129,20,149,0.00036125,1270.27
2025-10-19 23:43:38,gpt-4o-mini,388,659,1047,0.007075,7243.15
2025-10-19 23:43:51,gpt-4o-mini,387,1320,1707,0.01368375,20278.63
2025-10-19 23:44:38,gpt-4o-mini,192,812,1004,0.008360000000000001,9962.08
2025-10-19 23:44:47,gpt-4o-mini,1416,657,2073,0.00834,8421.3
2025-10-19 23:44:58,gpt-4o-mini,473,770,1243,0.00829125,11193.19
2025-10-19 23:48:21,gpt-4o-mini,534,438,972,0.0050475,4890.6
2025-10-19 23:48:23,gpt-4o-mini,129,84,213,0.00100125,1598.54
2025-10-19 23:48:30,gpt-4o-mini,388,585,973,0.006335,6876.7
2025-10-19 23:48:38,gpt-4o-mini,385,1303,1688,0.01351125,14785.69
2025-10-19 23:49:18,gpt-4o-mini,192,620,812,0.0064399999999999995,7575.53
2025-10-19 23:49:27,gpt-4o-mini,1226,665,1891,0.008182499999999999,8915.73
2025-10-19 23:49:45,gpt-4o-mini,502,1051,1553,0.0111375,18853.15
2025-10-20 00:04:30,gpt-4o-mini,534,310,844,0.0037675,4190.36
2025-10-20 00:04:32,gpt-4o-mini,129,20,149,0.00036125,1591.6
2025-10-20 00:04:39,gpt-4o-mini,385,886,1271,0.00934125,6878.57
2025-10-20 00:04:40,gpt-4o-mini,388,782,1170,0.008305,7992.61
2025-10-20 00:05:40,gpt-4o-mini,192,748,940,0.007719999999999999,10958.57
2025-10-20 00:05:45,gpt-4o-mini,1416,599,2015,0.00776,5141.7
2025-10-20 00:06:00,gpt-4o-mini,502,1177,1679,0.0123975,14766.94
2025-10-20 00:11:40,gpt-4o-mini,534,309,843,0.0037574999999999996,3927.57
2025-10-20 00:11:43,gpt-4o-mini,129,84,213,0.00100125,2640.38
2025-10-20 00:11:50,gpt-4o-mini,384,858,1242,0.00906,7312.03
2025-10-20 00:11:57,gpt-4o-mini,388,1183,1571,0.012315,14822.94
2025-10-20 00:13:04,gpt-4o-mini,192,556,748,0.0058,7243.58
2025-10-20 00:13:09,gpt-4o-mini,1226,459,1685,0.0061225,5272.32
2025-10-20 00:13:21,gpt-4o-mini,502,989,1491,0.0105175,12008.88
2025-10-20 00:29:56,gpt-4o-mini,534,248,782,0.0031475,5494.39
2025-10-20 00:29:57,gpt-4o-mini,129,20,149,0.00036125,1818.78
2025-10-20 00:30:11,gpt-4o-mini,388,849,1237,0.008975,13638.25
2025-10-20 00:30:12,gpt-4o-mini,387,813,1200,0.00861375,14612.89
2025-10-20 00:31:16,gpt-4o-mini,192,876,1068,0.009000000000000001,13840.39
2025-10-20 00:31:26,gpt-4o-mini,1416,1034,2450,0.01211,9955.78
2025-10-20 00:31:46,gpt-4o-mini,502,1442,1944,0.015047499999999998,19163.81
2025-10-20 00:37:24,gpt-4o-mini,534,246,780,0.0031275,3314.86
2025-10-20 00:37:25,gpt-4o-mini,130,80,210,0.0009625,1800.29
2025-10-20 00:37:36,gpt-4o-mini,389,852,1241,0.00900625,10551.15
2025-10-20 00:37:38,gpt-4o-mini,384,1266,1650,0.013139999999999999,12101.36
2025-10-20 00:38:39,gpt-4o-mini,193,876,1069,0.00900125,10910.27
2025-10-20 00:38:47,gpt-4o-mini,1417,682,2099,0.00859125,8345.84
2025-10-20 00:38:55,gpt-4o-mini,503,739,1242,0.00801875,7317.59
2025-10-20 00:43:29,gpt-4o-mini,534,245,779,0.0031174999999999996,4212.32
2025-10-20 00:43:30,gpt-4o-mini,129,20,149,0.00036125,1831.0
2025-10-20 00:43:41,gpt-4o-mini,384,833,1217,0.00881,10746.71
2025-10-20 00:43:42,gpt-4o-mini,388,674,1062,0.0072250000000000005,11695.63
2025-10-20 00:44:56,gpt-4o-mini,192,1068,1260,0.01092,14050.01
2025-10-20 00:45:05,gpt-4o-mini,1416,639,2055,0.00816,8991.68
2025-10-20 00:45:12,gpt-4o-mini,188,247,435,0.002705,4962.83
2025-10-20 00:45:21,gpt-4o-mini,502,1055,1557,0.0111775,15542.19
2025-10-20 00:52:11,gpt-4o-mini,534,309,843,0.0037574999999999996,4123.98
2025-10-20 00:52:13,gpt-4o-mini,129,84,213,0.00100125,2297.26
2025-10-20 00:52:24,gpt-4o-mini,388,799,1187,0.008475,10742.99
2025-10-20 00:52:29,gpt-4o-mini,384,1258,1642,0.01306,16420.84
2025-10-20 00:53:32,gpt-4o-mini,192,940,1132,0.009640000000000001,11835.4
2025-10-20 00:53:36,gpt-4o-mini,1416,355,1771,0.00532,4059.69
2025-10-20 00:53:41,gpt-4o-mini,188,247,435,0.002705,3878.34
2025-10-20 00:53:49,gpt-4o-mini,1412,592,2004,0.007685,7486.79
2025-10-20 00:54:07,gpt-4o-mini,502,1268,1770,0.0133075,30953.5
2025-10-20 00:58:29,gpt-4o-mini,534,245,779,0.0031174999999999996,3608.17
2025-10-20 00:58:31,gpt-4o-mini,129,16,145,0.00032125,1751.02
2025-10-20 00:58:42,gpt-4o-mini,388,909,1297,0.009574999999999998,11309.18
2025-10-20 00:58:43,gpt-4o-mini,384,1187,1571,0.012349999999999998,12552.22
2025-10-20 00:59:35,gpt-4o-mini,192,556,748,0.0058,7349.69
2025-10-20 00:59:40,gpt-4o-mini,1226,326,1552,0.0047925,5123.94
2025-10-20 00:59:48,gpt-4o-mini,188,311,499,0.0033450000000000003,5229.97
2025-10-20 00:59:51,gpt-4o-mini,502,1179,1681,0.012417499999999998,11544.49
2025-10-20 00:59:54,gpt-4o-mini,1412,630,2042,0.008065,5670.1
2025-10-20 14:55:55,gpt-4o-mini,534,245,779,0.0031174999999999996,9611.96
2025-10-20 14:55:58,gpt-4o-mini,129,20,149,0.00036125,3521.41
2025-10-20 14:56:07,gpt-4o-mini,388,688,1076,0.007365000000000001,8797.6
2025-10-20 14:56:23,gpt-4o-mini,384,2295,2679,0.023430000000000003,24993.32
2025-10-20 14:57:51,gpt-4o-mini,192,1004,1196,0.01028,14617.44
2025-10-20 14:57:59,gpt-4o-mini,1416,582,1998,0.00759,7987.47
2025-10-20 14:58:18,gpt-4o-mini,502,1561,2063,0.016237500000000002,18857.15
2025-10-20 14:58:48,gpt-4o-mini,188,311,499,0.0033450000000000003,4978.57
2025-10-20 14:58:55,gpt-4o-mini,1412,587,1999,0.007634999999999999,6354.67
2025-10-20 21:58:32,gpt-4o-mini,523,502,1025,0.005673749999999999,9436.7
2025-10-20 21:59:22,gpt-4o-mini,523,246,769,0.00311375,5039.08
2025-10-20 22:01:34,gpt-4o-mini,523,248,771,0.0031337500000000003,4719.89
2025-10-20 22:03:38,gpt-4o-mini,523,314,837,0.0037937500000000002,5343.86
2025-10-20 22:05:07,gpt-4o-mini,523,314,837,0.0037937500000000002,5197.02
2025-10-20 22:12:39,gpt-4o-mini,523,373,896,0.0043837500000000005,6159.25
2025-10-20 22:13:34,gpt-4o-mini,523,495,1018,0.005603749999999999,8539.06
2025-10-20 22:13:39,gpt-4o-mini,177,289,466,0.00311125,4755.78
2025-10-20 22:17:40,gpt-4o-mini,523,250,773,0.0031537500000000003,5267.34
2025-10-20 22:17:49,gpt-4o-mini,254,304,558,0.0033575000000000002,8438.23
2025-10-20 22:19:15,gpt-4o-mini,523,368,891,0.00433375,10905.8
2025-10-20 22:19:20,gpt-4o-mini,254,302,556,0.0033375,5111.37
2025-10-20 22:23:24,gpt-4o-mini,523,302,825,0.00367375,5233.16
2025-10-20 22:24:03,gpt-4o-mini,523,503,1026,0.00568375,8693.64
2025-10-20 22:29:35,gpt-4o-mini,523,251,774,0.00316375,6108.46
2025-10-20 22:42:45,gpt-4o-mini,523,310,833,0.00375375,5396.39
2025-10-20 22:42:49,gpt-4o-mini,254,296,550,0.0032775,4141.16
2025-10-20 22:45:03,gpt-4o-mini,523,376,899,0.00441375,4855.37
2025-10-20 22:45:07,gpt-4o-mini,254,272,526,0.0030375000000000003,4018.89
2025-10-20 22:54:26,gpt-4o-mini,523,314,837,0.0037937500000000002,5170.63
2025-10-20 22:58:42,gpt-4o-mini,523,249,772,0.00314375,4086.22
2025-10-20 22:59:10,gpt-4o-mini,523,247,770,0.00312375,3607.02
2025-10-20 23:00:02,gpt-4o-mini,523,245,768,0.0031037499999999997,3941.29
2025-10-20 23:17:01,gpt-4o-mini,523,182,705,0.0024737500000000003,3211.02
2025-10-20 23:18:15,gpt-4o-mini,523,374,897,0.00439375,6336.94
2025-10-20 23:21:31,gpt-4o-mini,523,249,772,0.00314375,3334.78
2025-10-20 23:22:50,gpt-4o-mini,523,566,1089,0.00631375,10270.52
2025-10-20 23:26:24,gpt-4o-mini,523,438,961,0.00503375,7287.08
2025-10-20 23:31:33,gpt-4o-mini,523,373,896,0.0043837500000000005,7650.22
2025-10-22 15:24:18,gpt-4o-mini,528,448,976,0.00514,7359.62
2025-10-22 15:24:21,gpt-4o-mini,132,148,280,0.001645,3027.82
2025-10-22 15:24:40,gpt-4o-mini,391,1828,2219,0.01876875,18470.56
2025-10-22 15:24:41,gpt-4o-mini,392,1977,2369,0.02026,19919.86
2025-10-22 15:28:11,gpt-4o-mini,196,878,1074,0.009025,7365.03
2025-10-22 15:38:37,gpt-4o-mini,527,698,1225,0.00763875,7037.15
2025-10-22 15:38:40,gpt-4o-mini,136,80,216,0.00097,2501.5
2025-10-22 15:38:48,gpt-4o-mini,382,978,1360,0.0102575,8126.84
2025-10-22 15:38:58,gpt-4o-mini,395,1956,2351,0.02005375,17735.65
2025-10-22 15:41:16,gpt-4o-mini,186,684,870,0.007072500000000001,409.58
2025-10-22 15:41:24,gpt-4o-mini,199,883,1082,0.00907875,8134.4
2025-10-22 15:41:32,gpt-4o-mini,109,753,862,0.00766625,7778.63
2025-10-22 15:42:39,gpt-4o-mini,1410,529,1939,0.0070525,83280.58
2025-10-22 16:58:31,gpt-4o-mini,527,239,766,0.0030487500000000002,2901.95
2025-10-22 16:58:35,gpt-4o-mini,125,468,593,0.00483625,4313.25
2025-10-22 16:58:39,gpt-4o-mini,382,915,1297,0.0096275,7489.27
2025-10-22 16:58:43,gpt-4o-mini,66,752,818,0.0076025,7237.65
2025-10-22 17:01:17,gpt-4o-mini,186,492,678,0.005152500000000001,5308.47
2025-10-22 17:01:22,gpt-4o-mini,1410,575,1985,0.0075125,5498.34
2025-10-22 17:09:34,gpt-4o-mini,527,370,897,0.00435875,5377.92
2025-10-22 17:09:36,gpt-4o-mini,128,148,276,0.00164,2505.6
2025-10-22 17:09:43,gpt-4o-mini,382,1208,1590,0.012557500000000001,6304.03
2025-10-22 17:09:48,gpt-4o-mini,387,1475,1862,0.015233749999999999,12057.52
2025-10-22 17:10:56,gpt-4o-mini,191,1387,1578,0.01410875,11978.36
2025-10-22 17:11:03,gpt-4o-mini,101,818,919,0.00830625,7305.98
2025-10-22 17:11:57,gpt-4o-mini,186,684,870,0.007072500000000001,6497.34
2025-10-22 17:12:03,gpt-4o-mini,1410,517,1927,0.0069325,6037.06
2025-10-22 17:20:30,gpt-4o-mini,527,704,1231,0.007698749999999999,10056.32
2025-10-22 17:20:33,gpt-4o-mini,142,144,286,0.0016175,2593.76
2025-10-22 17:20:39,gpt-4o-mini,382,881,1263,0.0092875,5848.49
2025-10-22 17:20:44,gpt-4o-mini,401,1239,1640,0.012891250000000002,11579.77
2025-10-22 17:21:54,gpt-4o-mini,186,492,678,0.005152500000000001,6488.06
2025-10-22 17:21:58,gpt-4o-mini,1410,590,2000,0.007662500000000001,3994.67
2025-10-22 17:22:52,gpt-4o-mini,205,1198,1403,0.01223625,10225.14
2025-10-22 17:22:59,gpt-4o-mini,115,825,940,0.00839375,7520.04
2025-10-27 14:37:11,gpt-4o-mini,523,309,832,0.0037437499999999997,5135.73
2025-10-27 14:39:36,gpt-4o-mini,523,570,1093,0.00635375,9705.21
2025-10-27 14:41:12,gpt-4o-mini,523,374,897,0.00439375,6954.5
2025-10-27 14:42:42,gpt-4o-mini,523,246,769,0.00311375,4328.1
2025-10-27 14:45:42,gpt-4o-mini,523,312,835,0.00377375,26944.96
2025-10-27 14:50:42,gpt-4o-mini,523,438,961,0.00503375,7324.39
2025-10-27 16:47:08,gpt-4o-mini,523,374,897,0.00439375,6801.52
2025-10-27 16:47:45,gpt-4o-mini,523,249,772,0.00314375,5479.62
2025-10-27 16:49:47,gpt-4o-mini,523,248,771,0.0031337500000000003,5534.71
2025-10-27 16:50:28,gpt-4o-mini,523,246,769,0.00311375,4567.94
2025-10-27 17:08:20,gpt-4o-mini,523,313,836,0.00378375,22028.84
2025-10-27 17:12:55,gpt-4o-mini,527,562,1089,0.00627875,9844.35
2025-10-27 17:12:59,gpt-4o-mini,128,84,212,0.001,3708.58
2025-10-27 17:13:13,gpt-4o-mini,382,1085,1467,0.0113275,14161.11
2025-10-27 17:13:18,gpt-4o-mini,387,1160,1547,0.012083749999999999,18382.16
2025-10-27 17:16:35,gpt-4o-mini,186,812,998,0.0083525,18387.63
2025-10-27 17:16:43,gpt-4o-mini,191,3118,3309,0.03141875,8287.11
2025-10-27 17:16:47,gpt-4o-mini,1410,545,1955,0.0072125,3515.45
2025-10-27 17:16:58,gpt-4o-mini,1865,1135,3000,0.013681249999999999,15120.62
2025-10-27 17:17:13,gpt-4o-mini,501,793,1294,0.00855625,14974.73
2025-10-27 17:21:01,gpt-4o-mini,527,306,833,0.0037187500000000003,13584.32
2025-10-27 17:21:05,gpt-4o-mini,128,148,276,0.00164,3619.37
2025-10-27 17:21:22,gpt-4o-mini,382,1300,1682,0.0134775,17233.66
2025-10-27 17:21:27,gpt-4o-mini,387,1358,1745,0.01406375,22244.78
2025-10-27 17:23:25,gpt-4o-mini,186,814,1000,0.008372500000000001,17636.61
2025-10-27 17:23:33,gpt-4o-mini,191,1388,1579,0.01411875,25628.54
2025-10-27 17:23:54,gpt-4o-mini,3434,1804,5238,0.0223325,21109.47
2025-10-27 17:24:09,gpt-4o-mini,501,987,1488,0.01049625,14487.88
2025-10-27 17:29:23,gpt-4o-mini,527,376,903,0.00441875,13250.65
2025-10-27 17:29:26,gpt-4o-mini,134,144,278,0.0016075,2933.97
2025-10-27 17:29:42,gpt-4o-mini,382,1099,1481,0.0114675,15668.71
2025-10-27 17:29:48,gpt-4o-mini,393,1077,1470,0.01126125,21890.15
2025-10-27 17:31:29,gpt-4o-mini,197,1335,1532,0.01359625,19372.19
2025-10-27 17:31:41,gpt-4o-mini,107,702,809,0.00715375,11129.05
2025-10-27 17:32:15,gpt-4o-mini,186,686,872,0.0070925,9152.21
2025-10-27 17:32:43,gpt-4o-mini,527,240,767,0.0030587500000000003,5803.93
2025-10-27 17:32:47,gpt-4o-mini,126,212,338,0.0022775,3401.98
2025-10-27 17:33:04,gpt-4o-mini,385,1226,1611,0.01274125,16946.0
2025-10-27 17:33:08,gpt-4o-mini,382,1747,2129,0.017947499999999998,21649.92
2025-10-27 17:36:22,gpt-4o-mini,186,686,872,0.0070925,10910.51
2025-10-27 17:40:07,gpt-4o-mini,528,371,899,0.004370000000000001,7771.26
2025-10-27 17:40:28,gpt-4o-mini,216,660,876,0.00687,21219.04
2025-10-27 17:42:08,gpt-4o-mini,528,436,964,0.00502,7675.41
2025-10-27 17:42:16,gpt-4o-mini,216,596,812,0.00623,8254.7
2025-10-27 17:45:23,gpt-4o-mini,528,370,898,0.00436,8137.98
2025-10-27 17:45:32,gpt-4o-mini,216,663,879,0.0069,9053.16
2025-10-27 17:47:03,gpt-4o-mini,528,368,896,0.00434,8445.12
2025-10-27 17:47:06,gpt-4o-mini,126,148,274,0.0016375,3683.03
2025-10-27 17:47:22,gpt-4o-mini,385,976,1361,0.01024125,15237.35
2025-10-27 17:47:29,gpt-4o-mini,382,1786,2168,0.0183375,22770.74
2025-10-27 17:48:29,gpt-4o-mini,189,1068,1257,0.010916249999999999,15343.32
2025-10-27 17:49:12,gpt-4o-mini,1413,2420,3833,0.02596625,43299.52
2025-10-27 17:49:20,gpt-4o-mini,99,431,530,0.00443375,7563.7
2025-10-27 17:50:22,gpt-4o-mini,186,554,740,0.0057725,10417.78
2025-10-31 11:57:46,gpt-4o-mini,528,565,1093,0.00631,11397.88
2025-10-31 11:57:50,gpt-4o-mini,131,80,211,0.0009637500000000001,4336.98
2025-10-31 11:58:15,gpt-4o-mini,390,1189,1579,0.0123775,25053.14
2025-10-31 11:58:16,gpt-4o-mini,382,1396,1778,0.0144375,26110.77
2025-10-31 12:07:42,gpt-4o-mini,528,306,834,0.00372,10363.75
2025-10-31 12:07:47,gpt-4o-mini,128,148,276,0.00164,4342.46
2025-10-31 12:08:15,gpt-4o-mini,382,1409,1791,0.014567500000000002,28838.62
2025-10-31 12:08:33,gpt-4o-mini,387,1869,2256,0.01917375,46932.34
2025-10-31 12:11:21,gpt-4o-mini,360,558,918,0.00603,14853.49
2025-10-31 12:11:29,gpt-4o-mini,355,168,523,0.0021237499999999998,3770.08
2025-10-31 12:11:37,gpt-4o-mini,1410,530,1940,0.0070625,8474.03
2025-10-31 12:11:47,gpt-4o-mini,2981,1702,4683,0.02074625,18369.07
2025-10-31 12:12:04,gpt-4o-mini,501,1016,1517,0.010786249999999999,16515.54
2025-10-31 12:14:36,gpt-4o-mini,530,302,832,0.0036825,6399.67
2025-10-31 12:14:39,gpt-4o-mini,132,80,212,0.000965,3733.12
2025-10-31 12:15:01,gpt-4o-mini,391,1275,1666,0.01323875,21834.07
2025-10-31 12:17:01,gpt-4o-mini,364,1450,1814,0.014955,23054.03
2025-10-31 12:17:12,gpt-4o-mini,105,620,725,0.00633125,11146.87
2025-10-31 12:55:47,gpt-4o-mini,528,431,959,0.0049700000000000005,7857.46
2025-10-31 12:55:52,gpt-4o-mini,125,148,273,0.00163625,4643.19
2025-10-31 12:56:05,gpt-4o-mini,382,1099,1481,0.0114675,12932.79
2025-10-31 12:56:18,gpt-4o-mini,384,1581,1965,0.01629,26105.92
2025-10-31 12:58:23,gpt-4o-mini,355,296,651,0.00340375,5198.18
2025-10-31 12:58:35,gpt-4o-mini,1220,559,1779,0.007115,11265.66
2025-10-31 12:59:06,gpt-4o-mini,530,372,902,0.0043825,9707.08
2025-10-31 12:59:09,gpt-4o-mini,138,84,222,0.0010125,2716.98
2025-10-31 12:59:28,gpt-4o-mini,397,1276,1673,0.01325625,19312.94
2025-10-31 13:02:03,gpt-4o-mini,370,1258,1628,0.0130425,17976.47
2025-10-31 13:02:14,gpt-4o-mini,111,752,863,0.00765875,10669.25
2025-10-31 13:12:54,gpt-4o-mini,530,366,896,0.0043225,7688.23
2025-10-31 13:12:57,gpt-4o-mini,132,84,216,0.0010049999999999998,3011.18
2025-10-31 13:13:27,gpt-4o-mini,391,1741,2132,0.017898749999999998,29784.04
2025-10-31 13:14:41,gpt-4o-mini,364,1130,1494,0.011755,17582.32
2025-10-31 13:14:49,gpt-4o-mini,105,433,538,0.004461250000000001,7695.23
2025-10-31 13:16:54,gpt-4o-mini,530,369,899,0.0043525000000000005,12511.06
2025-10-31 13:16:59,gpt-4o-mini,135,80,215,0.00096875,4509.62
2025-10-31 13:17:36,gpt-4o-mini,394,1595,1989,0.0164425,37454.6
2025-10-31 13:19:19,gpt-4o-mini,367,1386,1753,0.014318750000000002,25807.77
2025-10-31 13:19:34,gpt-4o-mini,108,753,861,0.007665,14596.02
2025-10-31 13:20:29,gpt-4o-mini,698,489,1187,0.005762499999999999,8512.28
2025-10-31 13:20:42,gpt-4o-mini,692,565,1257,0.006515,13272.75
2025-10-31 13:21:04,gpt-4o-mini,547,647,1194,0.00715375,21342.87
2025-10-31 13:21:07,gpt-4o-mini,248,148,396,0.00179,3506.91
2025-10-31 13:21:34,gpt-4o-mini,507,1850,2357,0.01913375,27031.18
2025-10-31 13:22:13,gpt-4o-mini,248,80,328,0.00111,3417.97
2025-10-31 13:22:46,gpt-4o-mini,507,2000,2507,0.02063375,32593.9
2025-10-31 13:23:58,gpt-4o-mini,480,1326,1806,0.013859999999999999,25428.68
2025-10-31 13:24:25,gpt-4o-mini,3302,1635,4937,0.0204775,27792.08
2025-10-31 13:24:37,gpt-4o-mini,418,616,1034,0.006682500000000001,11756.25
2025-10-31 13:26:27,gpt-4o-mini,698,432,1130,0.0051925,7808.17
2025-10-31 13:26:36,gpt-4o-mini,699,517,1216,0.0060437500000000005,8964.6
2025-10-31 13:26:46,gpt-4o-mini,554,605,1159,0.0067425,10419.14
2025-10-31 13:26:51,gpt-4o-mini,275,148,423,0.00182375,4885.15
2025-10-31 13:27:14,gpt-4o-mini,534,1356,1890,0.014227499999999999,23380.86
2025-10-31 13:28:02,gpt-4o-mini,275,144,419,0.0017837500000000002,3737.88
2025-10-31 13:28:19,gpt-4o-mini,534,1150,1684,0.0121675,16868.52
2025-10-31 13:29:05,gpt-4o-mini,507,1198,1705,0.012613750000000002,19206.11
2025-10-31 13:29:46,gpt-4o-mini,1804,2305,4109,0.025305,41728.5
2025-10-31 13:29:56,gpt-4o-mini,445,679,1124,0.00734625,9998.98
2025-10-31 13:34:12,gpt-4o-mini,698,419,1117,0.0050625,7521.15
2025-10-31 13:34:21,gpt-4o-mini,686,522,1208,0.0060775,9381.9
2025-10-31 13:34:29,gpt-4o-mini,541,445,986,0.00512625,7831.68
2025-10-31 13:34:32,gpt-4o-mini,279,80,359,0.00114875,3155.73
2025-10-31 13:36:48,gpt-4o-mini,538,2217,2755,0.022842499999999998,135321.31
2025-10-31 13:38:02,gpt-4o-mini,511,1134,1645,0.01197875,17935.79
2025-10-31 13:38:32,gpt-4o-mini,2243,2133,4376,0.02413375,30513.2
2025-10-31 13:38:51,gpt-4o-mini,652,1325,1977,0.014065,19365.93
2025-10-31 13:40:14,gpt-4o-mini,1168,421,1589,0.00567,7864.24
2025-10-31 13:40:26,gpt-4o-mini,1158,542,1700,0.0068674999999999995,11664.07
2025-10-31 13:40:35,gpt-4o-mini,543,588,1131,0.0065587499999999995,9107.19
2025-10-31 13:40:39,gpt-4o-mini,224,83,307,0.0011099999999999999,3723.45
2025-10-31 13:41:03,gpt-4o-mini,483,1203,1686,0.012633750000000001,24065.28
2025-10-31 13:41:53,gpt-4o-mini,456,1451,1907,0.01508,23613.2
2025-10-31 13:42:05,gpt-4o-mini,197,669,866,0.00693625,11535.27
2025-10-31 13:42:08,gpt-4o-mini,231,80,311,0.00108875,2673.82
2025-10-31 13:42:30,gpt-4o-mini,490,1224,1714,0.012852500000000001,22745.36
2025-10-31 13:43:43,gpt-4o-mini,463,1771,2234,0.01828875,28974.16
2025-10-31 13:43:54,gpt-4o-mini,204,650,854,0.006755,10298.08
2025-10-31 13:45:42,gpt-4o-mini,1654,552,2206,0.0075875,10484.03
2025-10-31 13:46:11,gpt-4o-mini,1647,342,1989,0.00547875,29142.33
2025-10-31 13:46:20,gpt-4o-mini,546,594,1140,0.0066225,9217.97
2025-10-31 13:46:24,gpt-4o-mini,219,148,367,0.00175375,4272.58
2025-10-31 13:46:48,gpt-4o-mini,478,1222,1700,0.0128175,23647.2
2025-10-31 13:47:37,gpt-4o-mini,451,567,1018,0.00623375,9905.18
2025-10-31 13:47:48,gpt-4o-mini,411,761,1172,0.008123749999999999,10736.07
2025-10-31 13:47:58,gpt-4o-mini,192,655,847,0.00679,10064.06
2025-10-31 13:48:02,gpt-4o-mini,226,144,370,0.0017225,4202.02
2025-10-31 13:48:24,gpt-4o-mini,485,1348,1833,0.014086250000000002,22387.5
2025-10-31 13:49:17,gpt-4o-mini,458,887,1345,0.0094425,15214.67
2025-10-31 13:49:24,gpt-4o-mini,418,569,987,0.0062125,6977.47
2025-10-31 13:49:35,gpt-4o-mini,199,726,925,0.00750875,10311.16
2025-11-01 22:29:54,gpt-4o-mini,523,439,962,0.00504375,7899.8
2025-11-01 22:33:16,gpt-4o-mini,523,439,962,0.00504375,7016.74
2025-11-01 22:34:03,gpt-4o-mini,523,375,898,0.00440375,4938.9
2025-11-01 22:35:34,gpt-4o-mini,523,310,833,0.00375375,5763.39
2025-11-01 22:38:05,gpt-4o-mini,523,438,961,0.00503375,7357.03
2025-11-04 20:42:57,gpt-4o-mini,523,247,770,0.00312375,11348.38
2025-11-04 20:45:26,gpt-4o-mini,523,374,897,0.00439375,9008.1
2025-11-04 21:13:56,gpt-4o-mini,523,374,897,0.00439375,9581.04
2025-11-05 22:46:57,gpt-4o-mini,523,247,770,0.00312375,6568.42
2025-11-05 22:51:43,gpt-4o-mini,523,375,898,0.00440375,8205.89
2025-11-05 22:52:02,gpt-4o-mini,523,311,834,0.0037637500000000006,8936.41
2025-11-05 22:54:22,gpt-4o-mini,523,311,834,0.0037637500000000006,7347.26
2025-11-05 22:55:24,gpt-4o-mini,523,374,897,0.00439375,6525.96
2025-11-05 22:57:17,gpt-4o-mini,523,373,896,0.0043837500000000005,6938.87
2025-11-05 22:58:23,gpt-4o-mini,523,437,960,0.00502375,6079.03
2025-11-05 23:00:18,gpt-4o-mini,523,303,826,0.0036837499999999995,5869.07
2025-11-06 15:24:48,gpt-4o-mini,523,250,773,0.0031537500000000003,10222.82
2025-11-06 15:26:48,gpt-4o-mini,523,311,834,0.0037637500000000006,7771.08
2025-11-06 15:29:59,gpt-4o-mini,523,246,769,0.00311375,8776.2
2025-11-06 15:32:17,gpt-4o-mini,523,310,833,0.00375375,7825.39
2025-11-06 15:35:49,gpt-4o-mini,523,374,897,0.00439375,11572.1
2025-11-06 15:49:53,gpt-4o-mini,523,302,825,0.00367375,6706.55
2025-11-06 15:52:32,gpt-4o-mini,523,442,965,0.00507375,10290.31
2025-11-06 16:03:04,gpt-4o-mini,523,378,901,0.00443375,6505.0
2025-11-25 15:30:30,gpt-4o-mini,100,10,110,0.000225,1478.48
2025-11-25 15:30:36,gpt-4o-mini,78,249,327,0.0025875,6497.65
2025-11-25 15:30:39,gpt-4o-mini,526,32,558,0.0009775,2516.28
2025-11-25 15:30:42,gpt-4o-mini,639,88,727,0.00167875,3006.9
2025-11-25 15:37:53,gpt-4o-mini,432,7,439,0.00061,1838.63
2025-11-25 15:38:00,gpt-4o-mini,406,237,643,0.0028775,6505.32
2025-11-25 15:38:02,gpt-4o-mini,523,29,552,0.00094375,2035.56
2025-11-25 15:38:05,gpt-4o-mini,624,80,704,0.00158,3104.81
2025-11-25 15:38:16,gpt-4o-mini,597,39,636,0.0011362499999999999,2452.35
2025-11-25 15:38:28,gpt-4o-mini,2927,362,3289,0.00727875,11438.77
2025-11-25 15:40:55,gpt-4o-mini,748,7,755,0.001005,1270.45
2025-11-25 15:41:01,gpt-4o-mini,722,212,934,0.0030225,5530.22
2025-11-25 15:41:02,gpt-4o-mini,523,29,552,0.00094375,1323.17
2025-11-25 15:41:07,gpt-4o-mini,599,71,670,0.00145875,4972.59
2025-11-25 16:27:37,gpt-4o-mini,1039,7,1046,0.00136875,771.59
2025-11-25 16:27:42,gpt-4o-mini,1013,218,1231,0.00344625,5206.18
2025-11-25 16:27:44,gpt-4o-mini,523,29,552,0.00094375,1742.18
2025-11-25 16:27:46,gpt-4o-mini,762,53,815,0.0014824999999999999,2363.02
2025-11-25 16:28:14,gpt-4o-mini,816,43,859,0.0014500000000000001,1515.98
2025-11-25 16:28:24,gpt-4o-mini,3147,361,3508,0.00754375,10035.82
2025-11-25 16:31:11,gpt-4o-mini,3107,9,3116,0.00397375,945.77
2025-11-25 16:31:16,gpt-4o-mini,3080,206,3286,0.0059099999999999995,4986.8
2025-11-25 16:31:18,gpt-4o-mini,526,32,558,0.0009775,1942.4
2025-11-25 16:31:20,gpt-4o-mini,753,48,801,0.00142125,1364.52
2025-11-25 16:31:42,gpt-4o-mini,807,43,850,0.0014387500000000001,1316.97
2025-11-25 16:31:51,gpt-4o-mini,3138,366,3504,0.007582500000000001,8291.45
2025-11-25 16:32:14,gpt-4o-mini,6348,5,6353,0.007985,2313.5
2025-11-25 16:32:21,gpt-4o-mini,6321,271,6592,0.01061125,7273.92
2025-11-25 16:32:23,gpt-4o-mini,521,29,550,0.0009412499999999999,1427.57
2025-11-25 16:32:24,gpt-4o-mini,399,11,410,0.0006087499999999999,1023.93
2025-11-25 16:32:26,gpt-4o-mini,340,68,408,0.001105,2455.37
2025-11-25 16:34:31,gpt-4o-mini,6348,7,6355,0.008005000000000002,852.91
2025-11-25 16:34:37,gpt-4o-mini,6323,249,6572,0.01039375,6273.06
2025-11-25 16:34:38,gpt-4o-mini,523,31,554,0.00096375,1226.61
2025-11-25 16:35:21,gpt-4o-mini,6071,8,6079,0.00766875,868.27
2025-11-25 16:35:29,gpt-4o-mini,6047,333,6380,0.01088875,7370.33
2025-11-25 16:35:30,gpt-4o-mini,524,32,556,0.0009750000000000001,1230.34
2025-11-25 16:35:31,gpt-4o-mini,464,15,479,0.00073,1021.05
2025-11-25 16:38:10,gpt-4o-mini,6201,11,6212,0.00786125,819.0
2025-11-25 16:38:16,gpt-4o-mini,6182,246,6428,0.0101875,5519.07
2025-11-25 16:38:17,gpt-4o-mini,527,35,562,0.00100875,1319.78
2025-11-25 16:38:18,gpt-4o-mini,417,8,425,0.00060125,822.99
2025-11-25 16:38:19,gpt-4o-mini,796,22,818,0.001215,1024.46
2025-11-25 16:38:24,gpt-4o-mini,850,33,883,0.0013924999999999999,1121.5
2025-11-25 16:38:32,gpt-4o-mini,1729,146,1875,0.00362125,7272.48
